{"cameraMode":{"drawMode":0,"name":"Shaded","section":"Shading Mode"},"sceneLighting":false,"audioPlay":false,"sceneViewState":{"showFog":true,"showMaterialUpdate":false,"showSkybox":false,"showFlares":true,"showImageEffects":true,"showParticleSystems":true},"in2DMode":false,"pivot":{"x":2.4912335872650148,"y":1.7815568447113038,"z":30.119319915771486},"rotation":{"x":-0.18296527862548829,"y":0.604636013507843,"z":-0.1452820897102356,"w":-0.7614670395851135},"size":10.584033966064454,"orthographic":false}