{"cameraMode":{"drawMode":0,"name":"Shaded","section":"Shading Mode"},"sceneLighting":true,"audioPlay":false,"sceneViewState":{"showFog":true,"showMaterialUpdate":true,"showSkybox":true,"showFlares":true,"showImageEffects":true,"showParticleSystems":true},"in2DMode":false,"pivot":{"x":-10.562338829040528,"y":36.99729919433594,"z":-14.75362777709961},"rotation":{"x":-0.34410548210144045,"y":-0.41124966740608218,"z":0.17121458053588868,"w":-0.826529324054718},"size":4.216500282287598,"orthographic":false}