{"cameraMode":{"drawMode":0,"name":"Shaded","section":"Shading Mode"},"sceneLighting":false,"audioPlay":false,"sceneViewState":{"showFog":true,"showMaterialUpdate":true,"showSkybox":false,"showFlares":true,"showImageEffects":true,"showParticleSystems":true},"in2DMode":false,"pivot":{"x":-69.83020782470703,"y":-5.482169151306152,"z":-15.431641578674317},"rotation":{"x":-0.03609320521354675,"y":0.8177403807640076,"z":-0.0515865683555603,"w":-0.5721336603164673},"size":55.923805236816409,"orthographic":false}