{"cameraMode":{"drawMode":0,"name":"Shaded","section":"Shading Mode"},"sceneLighting":true,"audioPlay":false,"sceneViewState":{"showFog":true,"showMaterialUpdate":true,"showSkybox":true,"showFlares":true,"showImageEffects":true,"showParticleSystems":true},"in2DMode":false,"pivot":{"x":-11.12287712097168,"y":-57.12178039550781,"z":89.49263000488281},"rotation":{"x":0.21958762407302857,"y":-0.0073168701492249969,"z":0.001646940945647657,"w":0.9755639433860779},"size":221.58078002929688,"orthographic":false}