{"cameraMode":{"drawMode":0,"name":"Shaded","section":"Shading Mode"},"sceneLighting":false,"audioPlay":false,"sceneViewState":{"showFog":true,"showMaterialUpdate":true,"showSkybox":false,"showFlares":true,"showImageEffects":true,"showParticleSystems":true},"in2DMode":false,"pivot":{"x":-25.373186111450197,"y":1.2454025745391846,"z":3.691315174102783},"rotation":{"x":0.08655644953250885,"y":-0.08745262026786804,"z":0.007626774720847607,"w":0.9923718571662903},"size":5.126958847045898,"orthographic":false}