{"cameraMode":{"drawMode":0,"name":"Shaded","section":"Shading Mode"},"sceneLighting":false,"audioPlay":false,"sceneViewState":{"showFog":true,"showMaterialUpdate":true,"showSkybox":false,"showFlares":true,"showImageEffects":true,"showParticleSystems":true},"in2DMode":false,"pivot":{"x":-2.4926185607910158,"y":0.6183252334594727,"z":15.53542709350586},"rotation":{"x":0.007683846168220043,"y":0.5207768082618713,"z":-0.004688031040132046,"w":0.8536454439163208},"size":28.74506950378418,"orthographic":false}