{"cameraMode":{"drawMode":0,"name":"Shaded","section":"Shading Mode"},"sceneLighting":false,"audioPlay":false,"sceneViewState":{"showFog":true,"showMaterialUpdate":true,"showSkybox":false,"showFlares":true,"showImageEffects":true,"showParticleSystems":true},"in2DMode":false,"pivot":{"x":23.25439453125,"y":0.24723005294799806,"z":-1.530695915222168},"rotation":{"x":0.013769262470304966,"y":-0.986029863357544,"z":0.10690835118293762,"w":0.1269887238740921},"size":8.035113334655762,"orthographic":false}