{"cameraMode":{"drawMode":0,"name":"Shaded","section":"Shading Mode"},"sceneLighting":false,"audioPlay":false,"sceneViewState":{"showFog":true,"showMaterialUpdate":false,"showSkybox":false,"showFlares":true,"showImageEffects":true,"showParticleSystems":true},"in2DMode":false,"pivot":{"x":2.9536385536193849,"y":2.308948516845703,"z":35.54850387573242},"rotation":{"x":-0.20924952626228333,"y":0.0942913293838501,"z":-0.020276088267564775,"w":-0.9730944037437439},"size":20.15712547302246,"orthographic":false}