{"cameraMode":{"drawMode":0,"name":"Shaded","section":"Shading Mode"},"sceneLighting":false,"audioPlay":false,"sceneViewState":{"showFog":true,"showMaterialUpdate":true,"showSkybox":false,"showFlares":true,"showImageEffects":true,"showParticleSystems":true},"in2DMode":false,"pivot":{"x":20.91118621826172,"y":-2.0598034858703615,"z":1.782146692276001},"rotation":{"x":-0.07030078023672104,"y":-0.6791377663612366,"z":0.06561052054166794,"w":-0.727684736251831},"size":34.30420684814453,"orthographic":false}